domain,ct_search_type,ct_issuer_ca_id,ct_issuer_name,ct_not_before,ct_not_after,ct_serial_number,ct_entry_timestamp,ct_id
applynow.hdfc.bank.in,Identity,431054,"C=US, O=Let's Encrypt, CN=YE2",2026-07-19T10:11:30,2026-10-17T10:11:29,05c7073e77eb309382b9b3b2380f042c0ad0,2026-07-19T11:10:00.566,28062514668
applynow.hdfc.bank.in,Identity,431054,"C=US, O=Let's Encrypt, CN=YE2",2026-07-19T10:11:30,2026-10-17T10:11:29,05c7073e77eb309382b9b3b2380f042c0ad0,2026-07-19T11:10:00.253,28062508134
applynow.hdfc.bank.in,Identity,432476,"C=US, O=Let's Encrypt, CN=YR1",2026-07-19T10:11:28,2026-10-17T10:11:27,0521aabd21aa0eb8c7e06b8b30f4bb9ab86a,2026-07-19T11:09:59.043,28062512472
applynow.hdfc.bank.in,Identity,432476,"C=US, O=Let's Encrypt, CN=YR1",2026-07-19T10:11:28,2026-10-17T10:11:27,0521aabd21aa0eb8c7e06b8b30f4bb9ab86a,2026-07-19T11:09:58.834,28062508333
applynow.hdfc.bank.in,Identity,431054,"C=US, O=Let's Encrypt, CN=YE2",2026-07-19T06:53:35,2026-10-17T06:53:34,05db2abb0025d5edde58de3445bb1e899157,2026-07-19T07:52:05.827,28058669632
applynow.hdfc.bank.in,Identity,431054,"C=US, O=Let's Encrypt, CN=YE2",2026-07-19T06:53:35,2026-10-17T06:53:34,05db2abb0025d5edde58de3445bb1e899157,2026-07-19T07:52:05.59,28058668438
applynow.hdfc.bank.in,Identity,432477,"C=US, O=Let's Encrypt, CN=YR2",2026-07-19T06:53:32,2026-10-17T06:53:31,0594853dc868b77642d7f0bbcd46ce013c70,2026-07-19T07:52:02.989,28058667779
applynow.hdfc.bank.in,Identity,432477,"C=US, O=Let's Encrypt, CN=YR2",2026-07-19T06:53:32,2026-10-17T06:53:31,0594853dc868b77642d7f0bbcd46ce013c70,2026-07-19T07:52:02.695,28058662622
unifieddmzuat.icici.bank.in,Identity,204411,"C=GB, O=Sectigo Limited, CN=Sectigo Public Server Authentication CA OV R36",2026-07-14T00:00:00,2027-01-28T23:59:59,66a121f072c43b9be0417a20a568b9ee,2026-07-14T06:23:48.762,27918547251
unifieddmzuat.icici.bank.in,Identity,204411,"C=GB, O=Sectigo Limited, CN=Sectigo Public Server Authentication CA OV R36",2026-07-14T00:00:00,2027-01-28T23:59:59,66a121f072c43b9be0417a20a568b9ee,2026-07-14T06:23:48.255,27918545069
paymentscug.icici.bank.in,Identity,204411,"C=GB, O=Sectigo Limited, CN=Sectigo Public Server Authentication CA OV R36",2026-07-14T00:00:00,2027-01-28T23:59:59,0092e1a379f3e7756c5685fb78a3a58baa,2026-07-14T06:04:32.37,27918091304
www.paymentscug.icici.bank.in,Identity,204411,"C=GB, O=Sectigo Limited, CN=Sectigo Public Server Authentication CA OV R36",2026-07-14T00:00:00,2027-01-28T23:59:59,0092e1a379f3e7756c5685fb78a3a58baa,2026-07-14T06:04:32.37,27918091304
paymentscug.icici.bank.in,Identity,204411,"C=GB, O=Sectigo Limited, CN=Sectigo Public Server Authentication CA OV R36",2026-07-14T00:00:00,2027-01-28T23:59:59,0092e1a379f3e7756c5685fb78a3a58baa,2026-07-14T06:04:31.096,27918091090
www.paymentscug.icici.bank.in,Identity,204411,"C=GB, O=Sectigo Limited, CN=Sectigo Public Server Authentication CA OV R36",2026-07-14T00:00:00,2027-01-28T23:59:59,0092e1a379f3e7756c5685fb78a3a58baa,2026-07-14T06:04:31.096,27918091090
servicevirtualization5.icici.bank.in,Identity,204411,"C=GB, O=Sectigo Limited, CN=Sectigo Public Server Authentication CA OV R36",2026-07-14T00:00:00,2027-01-19T23:59:59,00912a7d3f9d6e4e2e139c11f035a33020,2026-07-14T05:49:41.136,27917814109
www.servicevirtualization5.icici.bank.in,Identity,204411,"C=GB, O=Sectigo Limited, CN=Sectigo Public Server Authentication CA OV R36",2026-07-14T00:00:00,2027-01-19T23:59:59,00912a7d3f9d6e4e2e139c11f035a33020,2026-07-14T05:49:41.136,27917814109
servicevirtualization5.icici.bank.in,Identity,204411,"C=GB, O=Sectigo Limited, CN=Sectigo Public Server Authentication CA OV R36",2026-07-14T00:00:00,2027-01-19T23:59:59,00912a7d3f9d6e4e2e139c11f035a33020,2026-07-14T05:49:39.758,27917809826
www.servicevirtualization5.icici.bank.in,Identity,204411,"C=GB, O=Sectigo Limited, CN=Sectigo Public Server Authentication CA OV R36",2026-07-14T00:00:00,2027-01-19T23:59:59,00912a7d3f9d6e4e2e139c11f035a33020,2026-07-14T05:49:39.758,27917809826
dr.finbridge.kotak.bank.in,Identity,286236,"C=US, O=Google Trust Services, CN=WE1",2026-07-20T01:47:12,2026-10-18T02:47:10,2ea8dae58b642cf00ebad42c29db54ce,2026-07-20T02:47:13.375,28080860703
dr.finbridge.kotak.bank.in,Identity,286242,"C=US, O=Google Trust Services, CN=WR1",2026-07-20T01:47:04,2026-10-18T02:47:01,00f8a94188d172a5e71310422286fd4f69,2026-07-20T02:47:04.641,28080848506
dr.finbridge.kotak.bank.in,Identity,286236,"C=US, O=Google Trust Services, CN=WE1",2026-07-20T00:37:56,2026-10-18T01:37:54,2496d7f3231f81020edb64b2198f99e3,2026-07-20T01:37:56.963,28079473538
dr.finbridge.kotak.bank.in,Identity,286242,"C=US, O=Google Trust Services, CN=WR1",2026-07-20T00:37:47,2026-10-18T01:36:38,4202074dfbf28456139f4fb45bfc779a,2026-07-20T01:37:48.282,28079476949
lockeragreement.pnb.bank.in,Identity,423005,"C=BE, O=GlobalSign nv-sa, CN=GlobalSign GCC R3 EV TLS CA 2025",2026-07-20T05:36:32,2027-02-04T05:36:32,0fb5cf82ef60173af59671d2,2026-07-20T05:36:35.923,28083978593
creditcards.federal.bank.in,Identity,286236,"C=US, O=Google Trust Services, CN=WE1",2026-07-19T19:18:04,2026-10-17T20:17:59,73ded7b82d89691f0e12508f6ca97703,2026-07-19T20:18:04.837,28073194716
creditcards.federal.bank.in,Identity,286242,"C=US, O=Google Trust Services, CN=WR1",2026-07-19T19:17:53,2026-10-17T20:17:46,482b1c368a6c02af1326d146f03cbea0,2026-07-19T20:17:53.696,28073189074
creditcards.federal.bank.in,Identity,286236,"C=US, O=Google Trust Services, CN=WE1",2026-07-19T18:53:37,2026-10-17T19:53:32,00bde7ef86105a83d10ee881940bd59a70,2026-07-19T19:53:37.706,28072702675
creditcards.federal.bank.in,Identity,286242,"C=US, O=Google Trust Services, CN=WR1",2026-07-19T18:53:25,2026-10-17T19:52:05,606dfc4370dde5a00ef35c01ccf641d9,2026-07-19T19:53:26.376,28072684082
hpm.alerts.federal.bank.in,Identity,432477,"C=US, O=Let's Encrypt, CN=YR2",2026-07-19T12:52:30,2026-10-17T12:52:29,059a1a8046e7e57103a5508f8e33148163d9,2026-07-19T13:51:01.95,28065480611
hpm.alerts.federal.bank.in,Identity,432477,"C=US, O=Let's Encrypt, CN=YR2",2026-07-19T12:52:30,2026-10-17T12:52:29,059a1a8046e7e57103a5508f8e33148163d9,2026-07-19T13:51:00.895,28065482171
